id_subsistema;nom_subsistema;din_instante;val_cargaenergiamwmed
N;Norte;2025-01-01;7163.46820833
NE;Nordeste;2025-01-01;11925.96770833
S;Sul;2025-01-01;11100.2475
SE;Sudeste/Centro-Oeste;2025-01-01;35903.90045833
N;Norte;2025-01-02;7705.15595833
NE;Nordeste;2025-01-02;13837.74179167
S;Sul;2025-01-02;13346.92175
SE;Sudeste/Centro-Oeste;2025-01-02;42515.2345
N;Norte;2025-01-03;7800.78970833
NE;Nordeste;2025-01-03;14230.539125
S;Sul;2025-01-03;13902.76670833
SE;Sudeste/Centro-Oeste;2025-01-03;44511.483125
N;Norte;2025-01-04;7450.60079167
NE;Nordeste;2025-01-04;13631.72570833
S;Sul;2025-01-04;12999.33008333
SE;Sudeste/Centro-Oeste;2025-01-04;42866.86179167
N;Norte;2025-01-05;7168.76116667
NE;Nordeste;2025-01-05;13033.418625
S;Sul;2025-01-05;12025.148125
SE;Sudeste/Centro-Oeste;2025-01-05;39566.96625
N;Norte;2025-01-06;7659.8265
NE;Nordeste;2025-01-06;14514.239875
S;Sul;2025-01-06;14605.04695833
SE;Sudeste/Centro-Oeste;2025-01-06;45811.22641667
N;Norte;2025-01-07;7788.91083333
NE;Nordeste;2025-01-07;14483.49083333
S;Sul;2025-01-07;15353.33925
SE;Sudeste/Centro-Oeste;2025-01-07;46742.8355
N;Norte;2025-01-08;7784.15675
NE;Nordeste;2025-01-08;14667.06675
S;Sul;2025-01-08;15763.95804167
SE;Sudeste/Centro-Oeste;2025-01-08;47114.19408333
N;Norte;2025-01-09;7829.42
NE;Nordeste;2025-01-09;14771.20779167
S;Sul;2025-01-09;15659.32383333
SE;Sudeste/Centro-Oeste;2025-01-09;46350.036375
N;Norte;2025-01-10;7868.8045
NE;Nordeste;2025-01-10;14400.03791667
S;Sul;2025-01-10;15858.67195833
SE;Sudeste/Centro-Oeste;2025-01-10;45868.24904167
N;Norte;2025-01-11;7632.11179167
NE;Nordeste;2025-01-11;13472.51741667
S;Sul;2025-01-11;13941.50325
SE;Sudeste/Centro-Oeste;2025-01-11;43162.15883333
N;Norte;2025-01-12;7307.23725
NE;Nordeste;2025-01-12;12468.62370833
S;Sul;2025-01-12;12148.76004167
SE;Sudeste/Centro-Oeste;2025-01-12;39757.97575
N;Norte;2025-01-13;7802.83708333
NE;Nordeste;2025-01-13;13291.03045833
S;Sul;2025-01-13;15531.25854167
SE;Sudeste/Centro-Oeste;2025-01-13;45181.728125
N;Norte;2025-01-14;7680.27370833
NE;Nordeste;2025-01-14;13532.02858333
S;Sul;2025-01-14;16397.49045833
SE;Sudeste/Centro-Oeste;2025-01-14;45720.62383333
N;Norte;2025-01-15;7641.602875
NE;Nordeste;2025-01-15;13211.62066667
S;Sul;2025-01-15;16660.528375
SE;Sudeste/Centro-Oeste;2025-01-15;46287.59545833
N;Norte;2025-01-16;7679.46058333
NE;Nordeste;2025-01-16;13185.16016667
S;Sul;2025-01-16;16908.57558333
SE;Sudeste/Centro-Oeste;2025-01-16;47722.29633333
N;Norte;2025-01-17;7677.75333333
NE;Nordeste;2025-01-17;13151.25091667
S;Sul;2025-01-17;17010.2495
SE;Sudeste/Centro-Oeste;2025-01-17;48887.67104167
N;Norte;2025-01-18;7398.0885
NE;Nordeste;2025-01-18;12639.28966667
S;Sul;2025-01-18;15302.06741667
SE;Sudeste/Centro-Oeste;2025-01-18;46063.66275
N;Norte;2025-01-19;6858.350125
NE;Nordeste;2025-01-19;12115.51983333
S;Sul;2025-01-19;13938.62641667
SE;Sudeste/Centro-Oeste;2025-01-19;43781.68758333
N;Norte;2025-01-20;7755.431625
NE;Nordeste;2025-01-20;13243.502375
S;Sul;2025-01-20;16868.91945833
SE;Sudeste/Centro-Oeste;2025-01-20;50517.57879167
N;Norte;2025-01-21;7765.85929167
NE;Nordeste;2025-01-21;13706.212375
S;Sul;2025-01-21;16848.96891667
SE;Sudeste/Centro-Oeste;2025-01-21;53362.516375
N;Norte;2025-01-22;7777.167625
NE;Nordeste;2025-01-22;13763.850125
S;Sul;2025-01-22;17592.585625
SE;Sudeste/Centro-Oeste;2025-01-22;54012.871
N;Norte;2025-01-23;7830.04275
NE;Nordeste;2025-01-23;13461.009125
S;Sul;2025-01-23;17883.68216667
SE;Sudeste/Centro-Oeste;2025-01-23;52777.585125
N;Norte;2025-01-24;7770.6575
NE;Nordeste;2025-01-24;13431.91154167
S;Sul;2025-01-24;17383.731125
SE;Sudeste/Centro-Oeste;2025-01-24;52024.59404167
N;Norte;2025-01-25;7314.75154167
NE;Nordeste;2025-01-25;12665.053875
S;Sul;2025-01-25;14674.21516667
SE;Sudeste/Centro-Oeste;2025-01-25;48700.13366667
N;Norte;2025-01-26;7109.84925
NE;Nordeste;2025-01-26;12003.77775
S;Sul;2025-01-26;12625.20458333
SE;Sudeste/Centro-Oeste;2025-01-26;44930.48495833
N;Norte;2025-01-27;7814.205625
NE;Nordeste;2025-01-27;13198.869625
S;Sul;2025-01-27;16468.24329167
SE;Sudeste/Centro-Oeste;2025-01-27;50163.15441667
N;Norte;2025-01-28;8088.05104167
NE;Nordeste;2025-01-28;13608.34554167
S;Sul;2025-01-28;16625.34654167
SE;Sudeste/Centro-Oeste;2025-01-28;50797.05908333
N;Norte;2025-01-29;8005.18333333
NE;Nordeste;2025-01-29;13561.69041667
S;Sul;2025-01-29;16783.70058333
SE;Sudeste/Centro-Oeste;2025-01-29;50758.94829167
N;Norte;2025-01-30;7850.74945833
NE;Nordeste;2025-01-30;13592.698
S;Sul;2025-01-30;16447.07875
SE;Sudeste/Centro-Oeste;2025-01-30;49544.85808333
N;Norte;2025-01-31;7764.70733333
NE;Nordeste;2025-01-31;13026.52245833
S;Sul;2025-01-31;15543.76075
SE;Sudeste/Centro-Oeste;2025-01-31;47953.30633333
N;Norte;2025-02-01;7429.728875
NE;Nordeste;2025-02-01;12767.80708333
S;Sul;2025-02-01;14424.96095833
SE;Sudeste/Centro-Oeste;2025-02-01;44315.19225
N;Norte;2025-02-02;7129.51754167
NE;Nordeste;2025-02-02;12042.90154167
S;Sul;2025-02-02;13246.718625
SE;Sudeste/Centro-Oeste;2025-02-02;41382.597875
N;Norte;2025-02-03;7579.88079167
NE;Nordeste;2025-02-03;13585.376625
S;Sul;2025-02-03;17375.70320833
SE;Sudeste/Centro-Oeste;2025-02-03;48278.58741667
N;Norte;2025-02-04;7725.14570833
NE;Nordeste;2025-02-04;13495.54429167
S;Sul;2025-02-04;18278.40779167
SE;Sudeste/Centro-Oeste;2025-02-04;49895.70725
N;Norte;2025-02-05;8007.15741667
NE;Nordeste;2025-02-05;13467.02429167
S;Sul;2025-02-05;18382.65433333
SE;Sudeste/Centro-Oeste;2025-02-05;50629.17516667
N;Norte;2025-02-06;7853.70875
NE;Nordeste;2025-02-06;13291.75995833
S;Sul;2025-02-06;17786.51529167
SE;Sudeste/Centro-Oeste;2025-02-06;51543.79925
N;Norte;2025-02-07;7831.03570833
NE;Nordeste;2025-02-07;13363.11366667
S;Sul;2025-02-07;17169.00225
SE;Sudeste/Centro-Oeste;2025-02-07;52244.18804167
N;Norte;2025-02-08;7581.69933333
NE;Nordeste;2025-02-08;12811.02120833
S;Sul;2025-02-08;14837.38170833
SE;Sudeste/Centro-Oeste;2025-02-08;47702.07045833
N;Norte;2025-02-09;7154.383875
NE;Nordeste;2025-02-09;12193.416
S;Sul;2025-02-09;14003.71858333
SE;Sudeste/Centro-Oeste;2025-02-09;44421.54570833
N;Norte;2025-02-10;7614.797125
NE;Nordeste;2025-02-10;13677.59645833
S;Sul;2025-02-10;18254.565125
SE;Sudeste/Centro-Oeste;2025-02-10;51423.63775
N;Norte;2025-02-11;7793.75958333
NE;Nordeste;2025-02-11;13743.749125
S;Sul;2025-02-11;19246.62816667
SE;Sudeste/Centro-Oeste;2025-02-11;52443.61104167
N;Norte;2025-02-12;7845.56554167
NE;Nordeste;2025-02-12;14151.20429167
S;Sul;2025-02-12;18633.130375
SE;Sudeste/Centro-Oeste;2025-02-12;53277.41983333
N;Norte;2025-02-13;7818.87316667
NE;Nordeste;2025-02-13;14221.62470833
S;Sul;2025-02-13;17488.53791667
SE;Sudeste/Centro-Oeste;2025-02-13;53428.73670833
N;Norte;2025-02-14;7685.50275
NE;Nordeste;2025-02-14;14154.28320833
S;Sul;2025-02-14;16758.71229167
SE;Sudeste/Centro-Oeste;2025-02-14;52974.15508333
N;Norte;2025-02-15;7327.09154167
NE;Nordeste;2025-02-15;13573.73404167
S;Sul;2025-02-15;15188.396125
SE;Sudeste/Centro-Oeste;2025-02-15;49033.897375
N;Norte;2025-02-16;6962.76741667
NE;Nordeste;2025-02-16;12769.26320833
S;Sul;2025-02-16;13834.60041667
SE;Sudeste/Centro-Oeste;2025-02-16;46368.36079167
N;Norte;2025-02-17;7524.995
NE;Nordeste;2025-02-17;14107.02820833
S;Sul;2025-02-17;16970.64433333
SE;Sudeste/Centro-Oeste;2025-02-17;54572.624875
N;Norte;2025-02-18;7800.48370833
NE;Nordeste;2025-02-18;14166.531125
S;Sul;2025-02-18;15533.40670833
SE;Sudeste/Centro-Oeste;2025-02-18;55584.89670833
N;Norte;2025-02-19;7871.27925
NE;Nordeste;2025-02-19;14493.52229167
S;Sul;2025-02-19;15197.056875
SE;Sudeste/Centro-Oeste;2025-02-19;54696.46504167
N;Norte;2025-02-20;7873.97533333
NE;Nordeste;2025-02-20;14355.59491667
S;Sul;2025-02-20;16340.33545833
SE;Sudeste/Centro-Oeste;2025-02-20;55196.378625
N;Norte;2025-02-21;7892.43195833
NE;Nordeste;2025-02-21;14418.26683333
S;Sul;2025-02-21;17132.49216667
SE;Sudeste/Centro-Oeste;2025-02-21;54703.32383333
N;Norte;2025-02-22;7622.221875
NE;Nordeste;2025-02-22;13645.283875
S;Sul;2025-02-22;14961.4465
SE;Sudeste/Centro-Oeste;2025-02-22;49920.81533333
N;Norte;2025-02-23;7484.735
NE;Nordeste;2025-02-23;13440.84166667
S;Sul;2025-02-23;13725.58591667
SE;Sudeste/Centro-Oeste;2025-02-23;46244.20245833
N;Norte;2025-02-24;8049.42354167
NE;Nordeste;2025-02-24;14550.43945833
S;Sul;2025-02-24;17867.44504167
SE;Sudeste/Centro-Oeste;2025-02-24;53483.33475
N;Norte;2025-02-25;8009.48045833
NE;Nordeste;2025-02-25;14671.00354167
S;Sul;2025-02-25;19012.32491667
SE;Sudeste/Centro-Oeste;2025-02-25;54124.661125
N;Norte;2025-02-26;8054.28183333
NE;Nordeste;2025-02-26;14770.66520833
S;Sul;2025-02-26;18919.88275
SE;Sudeste/Centro-Oeste;2025-02-26;54135.93466667
N;Norte;2025-02-27;8058.36766667
NE;Nordeste;2025-02-27;14651.26616667
S;Sul;2025-02-27;18171.01354167
SE;Sudeste/Centro-Oeste;2025-02-27;54235.00870833
N;Norte;2025-02-28;8170.38929167
NE;Nordeste;2025-02-28;14138.75183333
S;Sul;2025-02-28;18653.19933333
SE;Sudeste/Centro-Oeste;2025-02-28;53663.72070833
N;Norte;2025-03-01;7930.64029167
NE;Nordeste;2025-03-01;13067.291875
S;Sul;2025-03-01;15892.24533333
SE;Sudeste/Centro-Oeste;2025-03-01;48358.65675
N;Norte;2025-03-02;7589.58033333
NE;Nordeste;2025-03-02;12436.00320833
S;Sul;2025-03-02;14645.464875
SE;Sudeste/Centro-Oeste;2025-03-02;45119.87858333
N;Norte;2025-03-03;7781.50866667
NE;Nordeste;2025-03-03;12763.18054167
S;Sul;2025-03-03;17498.31370833
SE;Sudeste/Centro-Oeste;2025-03-03;47856.34270833
N;Norte;2025-03-04;7600.18720833
NE;Nordeste;2025-03-04;12535.18775
S;Sul;2025-03-04;17594.59866667
SE;Sudeste/Centro-Oeste;2025-03-04;47364.22766667
N;Norte;2025-03-05;7809.69066667
NE;Nordeste;2025-03-05;13471.86741667
S;Sul;2025-03-05;18796.21179167
SE;Sudeste/Centro-Oeste;2025-03-05;50744.58666667
N;Norte;2025-03-06;8063.00929167
NE;Nordeste;2025-03-06;14247.06004167
S;Sul;2025-03-06;18940.43954167
SE;Sudeste/Centro-Oeste;2025-03-06;52042.31520833
N;Norte;2025-03-07;7925.74504167
NE;Nordeste;2025-03-07;14326.12083333
S;Sul;2025-03-07;18686.32470833
SE;Sudeste/Centro-Oeste;2025-03-07;52164.23575
N;Norte;2025-03-08;7627.42875
NE;Nordeste;2025-03-08;13624.05270833
S;Sul;2025-03-08;16613.05916667
SE;Sudeste/Centro-Oeste;2025-03-08;48480.89925
N;Norte;2025-03-09;7523.78766667
NE;Nordeste;2025-03-09;12597.55591667
S;Sul;2025-03-09;13879.61391667
SE;Sudeste/Centro-Oeste;2025-03-09;45590.832375
N;Norte;2025-03-10;8003.20895833
NE;Nordeste;2025-03-10;13791.85725
S;Sul;2025-03-10;15689.47604167
SE;Sudeste/Centro-Oeste;2025-03-10;52586.545625
N;Norte;2025-03-11;8071.790625
NE;Nordeste;2025-03-11;14502.49404167
S;Sul;2025-03-11;16140.8745
SE;Sudeste/Centro-Oeste;2025-03-11;53057.79045833
N;Norte;2025-03-12;8029.66654167
NE;Nordeste;2025-03-12;14852.41745833
S;Sul;2025-03-12;15896.13679167
SE;Sudeste/Centro-Oeste;2025-03-12;52207.535
N;Norte;2025-03-13;8197.1835
NE;Nordeste;2025-03-13;14773.16933333
S;Sul;2025-03-13;16029.00191667
SE;Sudeste/Centro-Oeste;2025-03-13;52614.206
N;Norte;2025-03-14;8152.64116667
NE;Nordeste;2025-03-14;14591.96741667
S;Sul;2025-03-14;15193.57895833
SE;Sudeste/Centro-Oeste;2025-03-14;52025.99679167
N;Norte;2025-03-15;7931.41754167
NE;Nordeste;2025-03-15;13629.064
S;Sul;2025-03-15;13341.89929167
SE;Sudeste/Centro-Oeste;2025-03-15;48471.10245833
N;Norte;2025-03-16;7579.664625
NE;Nordeste;2025-03-16;12887.61570833
S;Sul;2025-03-16;11727.03445833
SE;Sudeste/Centro-Oeste;2025-03-16;44230.10891667
N;Norte;2025-03-17;7974.42575
NE;Nordeste;2025-03-17;14190.8665
S;Sul;2025-03-17;15704.44233333
SE;Sudeste/Centro-Oeste;2025-03-17;49762.941875
N;Norte;2025-03-18;8033.25495833
NE;Nordeste;2025-03-18;14214.4635
S;Sul;2025-03-18;16132.50866667
SE;Sudeste/Centro-Oeste;2025-03-18;50190.14729167
N;Norte;2025-03-19;8069.23291667
NE;Nordeste;2025-03-19;14404.94225
S;Sul;2025-03-19;15569.97970833
SE;Sudeste/Centro-Oeste;2025-03-19;48664.72195833
N;Norte;2025-03-20;8052.1825
NE;Nordeste;2025-03-20;14724.91995833
S;Sul;2025-03-20;15653.02704167
SE;Sudeste/Centro-Oeste;2025-03-20;47096.89608333
N;Norte;2025-03-21;8192.76866667
NE;Nordeste;2025-03-21;14446.65416667
S;Sul;2025-03-21;15539.7825
SE;Sudeste/Centro-Oeste;2025-03-21;47240.64004167
N;Norte;2025-03-22;7754.818875
NE;Nordeste;2025-03-22;13655.82220833
S;Sul;2025-03-22;13784.04366667
SE;Sudeste/Centro-Oeste;2025-03-22;44389.937125
N;Norte;2025-03-23;7600.85958333
NE;Nordeste;2025-03-23;12698.10933333
S;Sul;2025-03-23;12731.25333333
SE;Sudeste/Centro-Oeste;2025-03-23;42198.81875
N;Norte;2025-03-24;8273.21904167
NE;Nordeste;2025-03-24;14094.760625
S;Sul;2025-03-24;16423.86754167
SE;Sudeste/Centro-Oeste;2025-03-24;48138.80125
N;Norte;2025-03-25;8385.097875
NE;Nordeste;2025-03-25;14180.32154167
S;Sul;2025-03-25;16568.3235
SE;Sudeste/Centro-Oeste;2025-03-25;49075.49004167
N;Norte;2025-03-26;8271.78758333
NE;Nordeste;2025-03-26;14470.107125
S;Sul;2025-03-26;15960.01775
SE;Sudeste/Centro-Oeste;2025-03-26;49448.34595833
N;Norte;2025-03-27;8240.90295833
NE;Nordeste;2025-03-27;14358.58558333
S;Sul;2025-03-27;16082.30654167
SE;Sudeste/Centro-Oeste;2025-03-27;48582.57733333
N;Norte;2025-03-28;8172.68420833
NE;Nordeste;2025-03-28;14035.14170833
S;Sul;2025-03-28;15987.204625
SE;Sudeste/Centro-Oeste;2025-03-28;49341.0985
N;Norte;2025-03-29;7865.67179167
NE;Nordeste;2025-03-29;13312.7015
S;Sul;2025-03-29;14060.7875
SE;Sudeste/Centro-Oeste;2025-03-29;46301.18475
N;Norte;2025-03-30;7544.95658333
NE;Nordeste;2025-03-30;12508.44725
S;Sul;2025-03-30;12331.193375
SE;Sudeste/Centro-Oeste;2025-03-30;43139.132125
N;Norte;2025-03-31;8061.73475
NE;Nordeste;2025-03-31;14165.12154167
S;Sul;2025-03-31;16012.86908333
SE;Sudeste/Centro-Oeste;2025-03-31;49690.083375
N;Norte;2025-04-01;8118.594875
NE;Nordeste;2025-04-01;14310.61104167
S;Sul;2025-04-01;15630.17933333
SE;Sudeste/Centro-Oeste;2025-04-01;49972.799625
N;Norte;2025-04-02;8079.168875
NE;Nordeste;2025-04-02;14230.03733333
S;Sul;2025-04-02;15896.805625
SE;Sudeste/Centro-Oeste;2025-04-02;50439.638125
N;Norte;2025-04-03;8123.72108333
NE;Nordeste;2025-04-03;14097.476375
S;Sul;2025-04-03;15548.40279167
SE;Sudeste/Centro-Oeste;2025-04-03;51374.09170833
N;Norte;2025-04-04;8185.91220833
NE;Nordeste;2025-04-04;14102.99495833
S;Sul;2025-04-04;14275.12454167
SE;Sudeste/Centro-Oeste;2025-04-04;50225.32808333
N;Norte;2025-04-05;7898.33008333
NE;Nordeste;2025-04-05;13441.59891667
S;Sul;2025-04-05;11644.12433333
SE;Sudeste/Centro-Oeste;2025-04-05;42676.30391667
N;Norte;2025-04-06;7546.6585
NE;Nordeste;2025-04-06;12474.9985
S;Sul;2025-04-06;10381.11608333
SE;Sudeste/Centro-Oeste;2025-04-06;37781.03958333
N;Norte;2025-04-07;8000.27091667
NE;Nordeste;2025-04-07;13773.887125
S;Sul;2025-04-07;13588.84491667
SE;Sudeste/Centro-Oeste;2025-04-07;43655.10104167
N;Norte;2025-04-08;8088.84591667
NE;Nordeste;2025-04-08;14152.44941667
S;Sul;2025-04-08;14332.99166667
SE;Sudeste/Centro-Oeste;2025-04-08;45054.58695833
N;Norte;2025-04-09;8263.37454167
NE;Nordeste;2025-04-09;14377.69633333
S;Sul;2025-04-09;13795.14133333
SE;Sudeste/Centro-Oeste;2025-04-09;46934.49116667
N;Norte;2025-04-10;8483.53945833
NE;Nordeste;2025-04-10;14506.791875
S;Sul;2025-04-10;13847.61716667
SE;Sudeste/Centro-Oeste;2025-04-10;46582.12154167
N;Norte;2025-04-11;8266.719125
NE;Nordeste;2025-04-11;14595.73379167
S;Sul;2025-04-11;13945.33608333
SE;Sudeste/Centro-Oeste;2025-04-11;45012.83620833
N;Norte;2025-04-12;7716.62254167
NE;Nordeste;2025-04-12;13669.11295833
S;Sul;2025-04-12;12570.007625
SE;Sudeste/Centro-Oeste;2025-04-12;42827.06975
N;Norte;2025-04-13;7508.29329167
NE;Nordeste;2025-04-13;12624.30016667
S;Sul;2025-04-13;10834.809875
SE;Sudeste/Centro-Oeste;2025-04-13;40400.13691667
N;Norte;2025-04-14;8190.81708333
NE;Nordeste;2025-04-14;14231.47654167
S;Sul;2025-04-14;12933.51
SE;Sudeste/Centro-Oeste;2025-04-14;46186.83783333
N;Norte;2025-04-15;8280.554375
NE;Nordeste;2025-04-15;14706.04529167
S;Sul;2025-04-15;13646.552125
SE;Sudeste/Centro-Oeste;2025-04-15;46095.1755
N;Norte;2025-04-16;8552.63591667
NE;Nordeste;2025-04-16;14508.55008333
S;Sul;2025-04-16;14099.86129167
SE;Sudeste/Centro-Oeste;2025-04-16;45835.44991667
N;Norte;2025-04-17;8492.03983333
NE;Nordeste;2025-04-17;14263.22925
S;Sul;2025-04-17;14017.40945833
SE;Sudeste/Centro-Oeste;2025-04-17;45272.78845833
N;Norte;2025-04-18;8050.55166667
NE;Nordeste;2025-04-18;12484.59125
S;Sul;2025-04-18;11212.93295833
SE;Sudeste/Centro-Oeste;2025-04-18;40379.49491667
N;Norte;2025-04-19;8163.46
NE;Nordeste;2025-04-19;12964.9825
S;Sul;2025-04-19;11217.775125
SE;Sudeste/Centro-Oeste;2025-04-19;40563.36558333
N;Norte;2025-04-20;7707.621125
NE;Nordeste;2025-04-20;12581.20829167
S;Sul;2025-04-20;9618.25308333
SE;Sudeste/Centro-Oeste;2025-04-20;37423.33633333
N;Norte;2025-04-21;7895.47395833
NE;Nordeste;2025-04-21;13149.31995833
S;Sul;2025-04-21;10956.022
SE;Sudeste/Centro-Oeste;2025-04-21;38755.57283333
N;Norte;2025-04-22;8373.24379167
NE;Nordeste;2025-04-22;14381.40654167
S;Sul;2025-04-22;13403.02325
SE;Sudeste/Centro-Oeste;2025-04-22;42627.27170833
N;Norte;2025-04-23;8332.405875
NE;Nordeste;2025-04-23;14166.49825
S;Sul;2025-04-23;13836.516125
SE;Sudeste/Centro-Oeste;2025-04-23;43615.27054167
N;Norte;2025-04-24;8247.307625
NE;Nordeste;2025-04-24;14042.12508333
S;Sul;2025-04-24;14329.550125
SE;Sudeste/Centro-Oeste;2025-04-24;45304.77795833
N;Norte;2025-04-25;8352.453375
NE;Nordeste;2025-04-25;14041.55354167
S;Sul;2025-04-25;14316.21825
SE;Sudeste/Centro-Oeste;2025-04-25;46316.99791667
N;Norte;2025-04-26;7927.066875
NE;Nordeste;2025-04-26;13461.74704167
S;Sul;2025-04-26;12806.00404167
SE;Sudeste/Centro-Oeste;2025-04-26;42749.83366667
N;Norte;2025-04-27;7189.60504167
NE;Nordeste;2025-04-27;12278.572125
S;Sul;2025-04-27;11365.02658333
SE;Sudeste/Centro-Oeste;2025-04-27;39664.73845833
N;Norte;2025-04-28;8357.90308333
NE;Nordeste;2025-04-28;14221.83016667
S;Sul;2025-04-28;13525.226375
SE;Sudeste/Centro-Oeste;2025-04-28;46112.70725
N;Norte;2025-04-29;8360.390625
NE;Nordeste;2025-04-29;14661.77608333
S;Sul;2025-04-29;13678.56716667
SE;Sudeste/Centro-Oeste;2025-04-29;45316.10308333
N;Norte;2025-04-30;8244.748875
NE;Nordeste;2025-04-30;14374.96283333
S;Sul;2025-04-30;13698.397
SE;Sudeste/Centro-Oeste;2025-04-30;43767.0415
N;Norte;2025-05-01;7832.86420833
NE;Nordeste;2025-05-01;12880.75054167
S;Sul;2025-05-01;11643.9805
SE;Sudeste/Centro-Oeste;2025-05-01;39260.50120833
N;Norte;2025-05-02;8132.9955
NE;Nordeste;2025-05-02;13577.21270833
S;Sul;2025-05-02;12710.80083333
SE;Sudeste/Centro-Oeste;2025-05-02;40965.45766667
N;Norte;2025-05-03;7991.861375
NE;Nordeste;2025-05-03;12918.39420833
S;Sul;2025-05-03;11612.40304167
SE;Sudeste/Centro-Oeste;2025-05-03;38892.90241667
N;Norte;2025-05-04;7830.12679167
NE;Nordeste;2025-05-04;12280.501625
S;Sul;2025-05-04;10431.47191667
SE;Sudeste/Centro-Oeste;2025-05-04;36659.79220833
N;Norte;2025-05-05;8375.60820833
NE;Nordeste;2025-05-05;13839.86858333
S;Sul;2025-05-05;13889.81525
SE;Sudeste/Centro-Oeste;2025-05-05;42296.1825
N;Norte;2025-05-06;8469.785
NE;Nordeste;2025-05-06;14006.74333333
S;Sul;2025-05-06;14559.39670833
SE;Sudeste/Centro-Oeste;2025-05-06;43523.02254167
N;Norte;2025-05-07;8395.21183333
NE;Nordeste;2025-05-07;14026.49854167
S;Sul;2025-05-07;14816.14666667
SE;Sudeste/Centro-Oeste;2025-05-07;44369.300625
N;Norte;2025-05-08;8390.27508333
NE;Nordeste;2025-05-08;14066.06158333
S;Sul;2025-05-08;14898.93466667
SE;Sudeste/Centro-Oeste;2025-05-08;44793.75525
N;Norte;2025-05-09;8410.05225
NE;Nordeste;2025-05-09;14138.12270833
S;Sul;2025-05-09;14850.05145833
SE;Sudeste/Centro-Oeste;2025-05-09;46114.91866667
N;Norte;2025-05-10;8084.70358333
NE;Nordeste;2025-05-10;13305.51266667
S;Sul;2025-05-10;11531.26070833
SE;Sudeste/Centro-Oeste;2025-05-10;43340.58779167
N;Norte;2025-05-11;7673.50870833
NE;Nordeste;2025-05-11;12532.13479167
S;Sul;2025-05-11;9528.94529167
SE;Sudeste/Centro-Oeste;2025-05-11;37634.59075
N;Norte;2025-05-12;8161.650125
NE;Nordeste;2025-05-12;13885.39858333
S;Sul;2025-05-12;12739.33558333
SE;Sudeste/Centro-Oeste;2025-05-12;42095.758375
N;Norte;2025-05-13;8143.47904167
NE;Nordeste;2025-05-13;13872.84045833
S;Sul;2025-05-13;13656.691
SE;Sudeste/Centro-Oeste;2025-05-13;42805.527625
N;Norte;2025-05-14;8098.24933333
NE;Nordeste;2025-05-14;13688.648375
S;Sul;2025-05-14;13781.63266667
SE;Sudeste/Centro-Oeste;2025-05-14;42054.66558333
N;Norte;2025-05-15;7971.60891667
NE;Nordeste;2025-05-15;13567.9955
S;Sul;2025-05-15;13689.69945833
SE;Sudeste/Centro-Oeste;2025-05-15;42459.98904167
N;Norte;2025-05-16;7979.78925
NE;Nordeste;2025-05-16;13413.70208333
S;Sul;2025-05-16;13680.793625
SE;Sudeste/Centro-Oeste;2025-05-16;42921.19383333
N;Norte;2025-05-17;7806.01883333
NE;Nordeste;2025-05-17;12780.9815
S;Sul;2025-05-17;12023.09520833
SE;Sudeste/Centro-Oeste;2025-05-17;40632.53891667
N;Norte;2025-05-18;7478.67991667
NE;Nordeste;2025-05-18;12134.634
S;Sul;2025-05-18;10680.65283333
SE;Sudeste/Centro-Oeste;2025-05-18;37641.51725
N;Norte;2025-05-19;8110.24720833
NE;Nordeste;2025-05-19;13401.20195833
S;Sul;2025-05-19;13764.68220833
SE;Sudeste/Centro-Oeste;2025-05-19;43674.58854167
N;Norte;2025-05-20;8185.36770833
NE;Nordeste;2025-05-20;13525.451
S;Sul;2025-05-20;14320.18325
SE;Sudeste/Centro-Oeste;2025-05-20;44395.49533333
N;Norte;2025-05-21;8213.073875
NE;Nordeste;2025-05-21;13304.17270833
S;Sul;2025-05-21;14140.46629167
SE;Sudeste/Centro-Oeste;2025-05-21;44729.528875
N;Norte;2025-05-22;8310.39829167
NE;Nordeste;2025-05-22;13160.18258333
S;Sul;2025-05-22;13953.08108333
SE;Sudeste/Centro-Oeste;2025-05-22;44692.74208333
N;Norte;2025-05-23;8380.59979167
NE;Nordeste;2025-05-23;13512.81970833
S;Sul;2025-05-23;13431.507
SE;Sudeste/Centro-Oeste;2025-05-23;44286.87695833
N;Norte;2025-05-24;8024.37070833
NE;Nordeste;2025-05-24;13067.80183333
S;Sul;2025-05-24;11786.2165
SE;Sudeste/Centro-Oeste;2025-05-24;40164.14704167
N;Norte;2025-05-25;7793.28754167
NE;Nordeste;2025-05-25;11971.29770833
S;Sul;2025-05-25;10255.46654167
SE;Sudeste/Centro-Oeste;2025-05-25;36510.313
N;Norte;2025-05-26;8428.12183333
NE;Nordeste;2025-05-26;12936.48041667
S;Sul;2025-05-26;13245.38491667
SE;Sudeste/Centro-Oeste;2025-05-26;42070.78854167
N;Norte;2025-05-27;8343.93233333
NE;Nordeste;2025-05-27;13406.05041667
S;Sul;2025-05-27;13852.55241667
SE;Sudeste/Centro-Oeste;2025-05-27;43154.15933333
N;Norte;2025-05-28;8411.25108333
NE;Nordeste;2025-05-28;13555.292125
S;Sul;2025-05-28;13419.74258333
SE;Sudeste/Centro-Oeste;2025-05-28;43255.349375
N;Norte;2025-05-29;8560.16895833
NE;Nordeste;2025-05-29;13586.032625
S;Sul;2025-05-29;13072.04475
SE;Sudeste/Centro-Oeste;2025-05-29;41524.10066667
N;Norte;2025-05-30;8463.75075
NE;Nordeste;2025-05-30;13712.078625
S;Sul;2025-05-30;13117.3105
SE;Sudeste/Centro-Oeste;2025-05-30;41642.29708333
N;Norte;2025-05-31;8130.70729167
NE;Nordeste;2025-05-31;12936.13620833
S;Sul;2025-05-31;11274.46633333
SE;Sudeste/Centro-Oeste;2025-05-31;38984.54979167
N;Norte;2025-06-01;7779.41541667
NE;Nordeste;2025-06-01;11932.67016667
S;Sul;2025-06-01;9908.77166667
SE;Sudeste/Centro-Oeste;2025-06-01;36067.29995833
N;Norte;2025-06-02;8326.88475
NE;Nordeste;2025-06-02;13326.45920833
S;Sul;2025-06-02;13363.230125
SE;Sudeste/Centro-Oeste;2025-06-02;41937.34091667
N;Norte;2025-06-03;8421.61004167
NE;Nordeste;2025-06-03;13527.20220833
S;Sul;2025-06-03;13709.692125
SE;Sudeste/Centro-Oeste;2025-06-03;43692.55658333
N;Norte;2025-06-04;8435.95858333
NE;Nordeste;2025-06-04;13414.849375
S;Sul;2025-06-04;13558.11045833
SE;Sudeste/Centro-Oeste;2025-06-04;44160.42291667
N;Norte;2025-06-05;8435.66641667
NE;Nordeste;2025-06-05;13456.05133333
S;Sul;2025-06-05;13373.74775
SE;Sudeste/Centro-Oeste;2025-06-05;44661.5405
N;Norte;2025-06-06;8451.736875
NE;Nordeste;2025-06-06;13413.49433333
S;Sul;2025-06-06;13130.86995833
SE;Sudeste/Centro-Oeste;2025-06-06;44631.0585
N;Norte;2025-06-07;8138.5205
NE;Nordeste;2025-06-07;12845.90591667
S;Sul;2025-06-07;11562.725375
SE;Sudeste/Centro-Oeste;2025-06-07;41515.36116667
N;Norte;2025-06-08;7696.24966667
NE;Nordeste;2025-06-08;11938.357625
S;Sul;2025-06-08;10164.276125
SE;Sudeste/Centro-Oeste;2025-06-08;38129.9915
N;Norte;2025-06-09;8286.66608333
NE;Nordeste;2025-06-09;13175.673625
S;Sul;2025-06-09;13301.588625
SE;Sudeste/Centro-Oeste;2025-06-09;43324.72208333
N;Norte;2025-06-10;8285.693875
NE;Nordeste;2025-06-10;13539.57233333
S;Sul;2025-06-10;13787.0455
SE;Sudeste/Centro-Oeste;2025-06-10;43290.95075
N;Norte;2025-06-11;8308.03616667
NE;Nordeste;2025-06-11;13681.331375
S;Sul;2025-06-11;13791.57566667
SE;Sudeste/Centro-Oeste;2025-06-11;42202.64304167
N;Norte;2025-06-12;8076.88670833
NE;Nordeste;2025-06-12;13603.320125
S;Sul;2025-06-12;13811.5795
SE;Sudeste/Centro-Oeste;2025-06-12;41212.13825
N;Norte;2025-06-13;7973.8795
NE;Nordeste;2025-06-13;13292.25470833
S;Sul;2025-06-13;13749.15875
SE;Sudeste/Centro-Oeste;2025-06-13;40627.41325
N;Norte;2025-06-14;7757.65579167
NE;Nordeste;2025-06-14;12292.20595833
S;Sul;2025-06-14;12315.25691667
SE;Sudeste/Centro-Oeste;2025-06-14;38458.80554167
N;Norte;2025-06-15;7418.73795833
NE;Nordeste;2025-06-15;11616.95183333
S;Sul;2025-06-15;10273.900625
SE;Sudeste/Centro-Oeste;2025-06-15;35887.06008333
N;Norte;2025-06-16;8058.314
NE;Nordeste;2025-06-16;13060.62645833
S;Sul;2025-06-16;13127.36054167
SE;Sudeste/Centro-Oeste;2025-06-16;41334.69070833
N;Norte;2025-06-17;8286.86045833
NE;Nordeste;2025-06-17;13076.708125
S;Sul;2025-06-17;13690.98208333
SE;Sudeste/Centro-Oeste;2025-06-17;42026.39933333
N;Norte;2025-06-18;8382.31770833
NE;Nordeste;2025-06-18;12920.220625
S;Sul;2025-06-18;13573.1355
SE;Sudeste/Centro-Oeste;2025-06-18;42322.42458333
N;Norte;2025-06-19;8025.08225
NE;Nordeste;2025-06-19;12319.325
S;Sul;2025-06-19;12243.26666667
SE;Sudeste/Centro-Oeste;2025-06-19;40020.98033333
N;Norte;2025-06-20;8226.80408333
NE;Nordeste;2025-06-20;12694.90358333
S;Sul;2025-06-20;12513.63091667
SE;Sudeste/Centro-Oeste;2025-06-20;41220.95691667
N;Norte;2025-06-21;7867.161625
NE;Nordeste;2025-06-21;12186.791625
S;Sul;2025-06-21;10845.4145
SE;Sudeste/Centro-Oeste;2025-06-21;38661.64158333
N;Norte;2025-06-22;7394.48533333
NE;Nordeste;2025-06-22;11332.294375
S;Sul;2025-06-22;10152.83766667
SE;Sudeste/Centro-Oeste;2025-06-22;36264.75254167
N;Norte;2025-06-23;8158.665125
NE;Nordeste;2025-06-23;12246.42854167
S;Sul;2025-06-23;13019.08070833
SE;Sudeste/Centro-Oeste;2025-06-23;42963.69341667
N;Norte;2025-06-24;8369.59104167
NE;Nordeste;2025-06-24;12247.297
S;Sul;2025-06-24;13509.26716667
SE;Sudeste/Centro-Oeste;2025-06-24;43314.25279167
N;Norte;2025-06-25;8301.33891667
NE;Nordeste;2025-06-25;13106.56025
S;Sul;2025-06-25;13538.89066667
SE;Sudeste/Centro-Oeste;2025-06-25;41131.04083333
N;Norte;2025-06-26;8002.220375
NE;Nordeste;2025-06-26;13282.41829167
S;Sul;2025-06-26;14258.60075
SE;Sudeste/Centro-Oeste;2025-06-26;41932.38816667
N;Norte;2025-06-27;8295.82320833
NE;Nordeste;2025-06-27;13047.726125
S;Sul;2025-06-27;13907.72045833
SE;Sudeste/Centro-Oeste;2025-06-27;42865.12104167
N;Norte;2025-06-28;7923.999125
NE;Nordeste;2025-06-28;12468.901
S;Sul;2025-06-28;12203.131875
SE;Sudeste/Centro-Oeste;2025-06-28;39850.40116667
N;Norte;2025-06-29;7618.910125
NE;Nordeste;2025-06-29;11230.67004167
S;Sul;2025-06-29;10657.43375
SE;Sudeste/Centro-Oeste;2025-06-29;36293.480625
N;Norte;2025-06-30;8146.16254167
NE;Nordeste;2025-06-30;12586.809375
S;Sul;2025-06-30;14092.1745
SE;Sudeste/Centro-Oeste;2025-06-30;41754.35858333
N;Norte;2025-07-01;8149.46825
NE;Nordeste;2025-07-01;12628.42695833
S;Sul;2025-07-01;14605.01908333
SE;Sudeste/Centro-Oeste;2025-07-01;41933.48616667
N;Norte;2025-07-02;8140.40083333
NE;Nordeste;2025-07-02;12546.51429167
S;Sul;2025-07-02;14679.02004167
SE;Sudeste/Centro-Oeste;2025-07-02;41330.44429167
N;Norte;2025-07-03;8115.70604167
NE;Nordeste;2025-07-03;12457.45520833
S;Sul;2025-07-03;14528.24858333
SE;Sudeste/Centro-Oeste;2025-07-03;40933.741125
N;Norte;2025-07-04;7864.13070833
NE;Nordeste;2025-07-04;12555.02679167
S;Sul;2025-07-04;14014.047
SE;Sudeste/Centro-Oeste;2025-07-04;40997.52404167
N;Norte;2025-07-05;7571.19116667
NE;Nordeste;2025-07-05;11983.365625
S;Sul;2025-07-05;11736.92429167
SE;Sudeste/Centro-Oeste;2025-07-05;37419.487
N;Norte;2025-07-06;7430.91029167
NE;Nordeste;2025-07-06;11239.86529167
S;Sul;2025-07-06;10307.152875
SE;Sudeste/Centro-Oeste;2025-07-06;34059.09425
N;Norte;2025-07-07;8033.890125
NE;Nordeste;2025-07-07;12580.45104167
S;Sul;2025-07-07;15340.716
SE;Sudeste/Centro-Oeste;2025-07-07;39598.34025
N;Norte;2025-07-08;8189.60554167
NE;Nordeste;2025-07-08;12365.461875
S;Sul;2025-07-08;13592.032875
SE;Sudeste/Centro-Oeste;2025-07-08;40906.20075
N;Norte;2025-07-09;8244.07258333
NE;Nordeste;2025-07-09;12450.82466667
S;Sul;2025-07-09;14087.76866667
SE;Sudeste/Centro-Oeste;2025-07-09;40027.38016667
N;Norte;2025-07-10;8235.40033333
NE;Nordeste;2025-07-10;12419.73291667
S;Sul;2025-07-10;14102.46579167
SE;Sudeste/Centro-Oeste;2025-07-10;41633.60695833
N;Norte;2025-07-11;8293.065875
NE;Nordeste;2025-07-11;12314.47583333
S;Sul;2025-07-11;14100.786875
SE;Sudeste/Centro-Oeste;2025-07-11;41820.30791667
N;Norte;2025-07-12;7970.20045833
NE;Nordeste;2025-07-12;11641.86675
S;Sul;2025-07-12;12243.08841667
SE;Sudeste/Centro-Oeste;2025-07-12;38733.84279167
N;Norte;2025-07-13;7515.45066667
NE;Nordeste;2025-07-13;10761.74916667
S;Sul;2025-07-13;10608.55170833
SE;Sudeste/Centro-Oeste;2025-07-13;35212.56345833
N;Norte;2025-07-14;7992.16229167
NE;Nordeste;2025-07-14;11991.7585
S;Sul;2025-07-14;13529.67458333
SE;Sudeste/Centro-Oeste;2025-07-14;40967.04954167
N;Norte;2025-07-15;8005.50395833
NE;Nordeste;2025-07-15;12259.57991667
S;Sul;2025-07-15;14031.29008333
SE;Sudeste/Centro-Oeste;2025-07-15;42143.51695833
N;Norte;2025-07-16;8015.66741667
NE;Nordeste;2025-07-16;12250.83775
S;Sul;2025-07-16;14318.21404167
SE;Sudeste/Centro-Oeste;2025-07-16;41929.491625
N;Norte;2025-07-17;8107.59370833
NE;Nordeste;2025-07-17;12444.419125
S;Sul;2025-07-17;14550.15566667
SE;Sudeste/Centro-Oeste;2025-07-17;42333.345625
N;Norte;2025-07-18;8153.78704167
NE;Nordeste;2025-07-18;12614.49241667
S;Sul;2025-07-18;14248.240125
SE;Sudeste/Centro-Oeste;2025-07-18;42061.91833333
N;Norte;2025-07-19;7902.82308333
NE;Nordeste;2025-07-19;12178.93645833
S;Sul;2025-07-19;12173.4525
SE;Sudeste/Centro-Oeste;2025-07-19;38428.12895833
N;Norte;2025-07-20;7597.88233333
NE;Nordeste;2025-07-20;11160.79929167
S;Sul;2025-07-20;10696.37158333
SE;Sudeste/Centro-Oeste;2025-07-20;35112.60745833
N;Norte;2025-07-21;8186.44141667
NE;Nordeste;2025-07-21;12326.604
S;Sul;2025-07-21;13767.662125
SE;Sudeste/Centro-Oeste;2025-07-21;41048.23429167
N;Norte;2025-07-22;8335.20966667
NE;Nordeste;2025-07-22;12451.02675
S;Sul;2025-07-22;14323.92133333
SE;Sudeste/Centro-Oeste;2025-07-22;42606.05183333
N;Norte;2025-07-23;8386.23445833
NE;Nordeste;2025-07-23;12704.60670833
S;Sul;2025-07-23;15487.24795833
SE;Sudeste/Centro-Oeste;2025-07-23;42843.44404167
N;Norte;2025-07-24;8457.31558333
NE;Nordeste;2025-07-24;12651.271375
S;Sul;2025-07-24;14963.90266667
SE;Sudeste/Centro-Oeste;2025-07-24;42889.30725
N;Norte;2025-07-25;8540.26983333
NE;Nordeste;2025-07-25;12434.23966667
S;Sul;2025-07-25;13598.16925
SE;Sudeste/Centro-Oeste;2025-07-25;42708.71175
N;Norte;2025-07-26;8147.140375
NE;Nordeste;2025-07-26;11777.58904167
S;Sul;2025-07-26;11914.406125
SE;Sudeste/Centro-Oeste;2025-07-26;39020.400375
N;Norte;2025-07-27;7794.484625
NE;Nordeste;2025-07-27;11167.92483333
S;Sul;2025-07-27;10932.71125
SE;Sudeste/Centro-Oeste;2025-07-27;36017.95554167
N;Norte;2025-07-28;8390.40733333
NE;Nordeste;2025-07-28;12145.567125
S;Sul;2025-07-28;13005.73616667
SE;Sudeste/Centro-Oeste;2025-07-28;42515.09004167
N;Norte;2025-07-29;8563.633125
NE;Nordeste;2025-07-29;12482.842375
S;Sul;2025-07-29;13309.364625
SE;Sudeste/Centro-Oeste;2025-07-29;41791.86283333
N;Norte;2025-07-30;8635.36716667
NE;Nordeste;2025-07-30;12718.01129167
S;Sul;2025-07-30;13421.19579167
SE;Sudeste/Centro-Oeste;2025-07-30;40661.410375
N;Norte;2025-07-31;8524.22245833
NE;Nordeste;2025-07-31;12796.918875
S;Sul;2025-07-31;13200.95604167
SE;Sudeste/Centro-Oeste;2025-07-31;41372.37025
N;Norte;2025-08-01;8240.17554167
NE;Nordeste;2025-08-01;12684.97945833
S;Sul;2025-08-01;13247.98116667
SE;Sudeste/Centro-Oeste;2025-08-01;41481.145
N;Norte;2025-08-02;7942.44320833
NE;Nordeste;2025-08-02;12116.47775
S;Sul;2025-08-02;11411.26408333
SE;Sudeste/Centro-Oeste;2025-08-02;38572.40591667
N;Norte;2025-08-03;7752.26604167
NE;Nordeste;2025-08-03;11453.76754167
S;Sul;2025-08-03;10461.41295833
SE;Sudeste/Centro-Oeste;2025-08-03;35207.25908333
N;Norte;2025-08-04;8427.958875
NE;Nordeste;2025-08-04;12580.54554167
S;Sul;2025-08-04;13190.61941667
SE;Sudeste/Centro-Oeste;2025-08-04;41038.911875
N;Norte;2025-08-05;8654.33204167
NE;Nordeste;2025-08-05;12822.288625
S;Sul;2025-08-05;13168.38125
SE;Sudeste/Centro-Oeste;2025-08-05;42677.83504167
N;Norte;2025-08-06;8642.43591667
NE;Nordeste;2025-08-06;12932.70895833
S;Sul;2025-08-06;13149.64170833
SE;Sudeste/Centro-Oeste;2025-08-06;41971.73720833
N;Norte;2025-08-07;8575.188125
NE;Nordeste;2025-08-07;12944.50983333
S;Sul;2025-08-07;13176.38504167
SE;Sudeste/Centro-Oeste;2025-08-07;42454.31370833
N;Norte;2025-08-08;8422.67575
NE;Nordeste;2025-08-08;12833.89925
S;Sul;2025-08-08;13618.97608333
SE;Sudeste/Centro-Oeste;2025-08-08;42748.43758333
N;Norte;2025-08-09;8009.86095833
NE;Nordeste;2025-08-09;12333.30683333
S;Sul;2025-08-09;11282.78658333
SE;Sudeste/Centro-Oeste;2025-08-09;38429.36641667
N;Norte;2025-08-10;7713.41991667
NE;Nordeste;2025-08-10;11672.39620833
S;Sul;2025-08-10;9481.53041667
SE;Sudeste/Centro-Oeste;2025-08-10;33992.91741667
N;Norte;2025-08-11;8446.06883333
NE;Nordeste;2025-08-11;12961.19154167
S;Sul;2025-08-11;12809.23970833
SE;Sudeste/Centro-Oeste;2025-08-11;39449.778625
N;Norte;2025-08-12;8469.08591667
NE;Nordeste;2025-08-12;12951.60679167
S;Sul;2025-08-12;13292.71808333
SE;Sudeste/Centro-Oeste;2025-08-12;40629.72383333
N;Norte;2025-08-13;8504.53991667
NE;Nordeste;2025-08-13;12916.00954167
S;Sul;2025-08-13;13282.91158333
SE;Sudeste/Centro-Oeste;2025-08-13;41211.44675
N;Norte;2025-08-14;8517.73158333
NE;Nordeste;2025-08-14;12764.75025
S;Sul;2025-08-14;13631.05179167
SE;Sudeste/Centro-Oeste;2025-08-14;41969.38866667
N;Norte;2025-08-15;8386.10375
NE;Nordeste;2025-08-15;12806.08583333
S;Sul;2025-08-15;13571.784875
SE;Sudeste/Centro-Oeste;2025-08-15;41840.33954167
N;Norte;2025-08-16;8285.80829167
NE;Nordeste;2025-08-16;11971.63704167
S;Sul;2025-08-16;11630.93825
SE;Sudeste/Centro-Oeste;2025-08-16;39147.65141667
N;Norte;2025-08-17;8066.77954167
NE;Nordeste;2025-08-17;11051.32966667
S;Sul;2025-08-17;10248.027875
SE;Sudeste/Centro-Oeste;2025-08-17;35971.15758333
N;Norte;2025-08-18;8661.698625
NE;Nordeste;2025-08-18;11919.18695833
S;Sul;2025-08-18;13675.00358333
SE;Sudeste/Centro-Oeste;2025-08-18;42239.471125
N;Norte;2025-08-19;8843.83095833
NE;Nordeste;2025-08-19;12428.70516667
S;Sul;2025-08-19;13995.6225
SE;Sudeste/Centro-Oeste;2025-08-19;43374.494
N;Norte;2025-08-20;8909.7855
NE;Nordeste;2025-08-20;12315.46183333
S;Sul;2025-08-20;13720.606625
SE;Sudeste/Centro-Oeste;2025-08-20;44074.51679167
N;Norte;2025-08-21;8888.72054167
NE;Nordeste;2025-08-21;12591.93845833
S;Sul;2025-08-21;13572.00325
SE;Sudeste/Centro-Oeste;2025-08-21;45226.72354167
N;Norte;2025-08-22;8932.81441667
NE;Nordeste;2025-08-22;12288.61029167
S;Sul;2025-08-22;13835.93554167
SE;Sudeste/Centro-Oeste;2025-08-22;45345.91029167
N;Norte;2025-08-23;8589.75016667
NE;Nordeste;2025-08-23;12202.51716667
S;Sul;2025-08-23;12249.09704167
SE;Sudeste/Centro-Oeste;2025-08-23;42218.78579167
N;Norte;2025-08-24;8229.98029167
NE;Nordeste;2025-08-24;11622.8555
S;Sul;2025-08-24;10481.766875
SE;Sudeste/Centro-Oeste;2025-08-24;38034.43966667
N;Norte;2025-08-25;8899.86470833
NE;Nordeste;2025-08-25;12724.72783333
S;Sul;2025-08-25;13078.13583333
SE;Sudeste/Centro-Oeste;2025-08-25;43194.15575
N;Norte;2025-08-26;8878.27466667
NE;Nordeste;2025-08-26;13030.588625
S;Sul;2025-08-26;13635.62258333
SE;Sudeste/Centro-Oeste;2025-08-26;43949.52491667
N;Norte;2025-08-27;8870.86054167
NE;Nordeste;2025-08-27;12850.19683333
S;Sul;2025-08-27;12966.15041667
SE;Sudeste/Centro-Oeste;2025-08-27;44152.6905
N;Norte;2025-08-28;9070.25633333
NE;Nordeste;2025-08-28;13149.32045833
S;Sul;2025-08-28;12577.74379167
SE;Sudeste/Centro-Oeste;2025-08-28;44449.00533333
N;Norte;2025-08-29;9058.53583333
NE;Nordeste;2025-08-29;13037.52366667
S;Sul;2025-08-29;12634.53433333
SE;Sudeste/Centro-Oeste;2025-08-29;44479.67225
N;Norte;2025-08-30;8402.44229167
NE;Nordeste;2025-08-30;12243.78116667
S;Sul;2025-08-30;10762.63004167
SE;Sudeste/Centro-Oeste;2025-08-30;40380.97779167
N;Norte;2025-08-31;8128.45858333
NE;Nordeste;2025-08-31;11745.98679167
S;Sul;2025-08-31;9641.71333333
SE;Sudeste/Centro-Oeste;2025-08-31;36583.37179167
N;Norte;2025-09-01;8788.29866667
NE;Nordeste;2025-09-01;12751.68029167
S;Sul;2025-09-01;12984.6455
SE;Sudeste/Centro-Oeste;2025-09-01;42785.94545833
N;Norte;2025-09-02;8919.50245833
NE;Nordeste;2025-09-02;12904.43075
S;Sul;2025-09-02;13604.20516667
SE;Sudeste/Centro-Oeste;2025-09-02;44240.86716667
N;Norte;2025-09-03;8954.603
NE;Nordeste;2025-09-03;12851.36775
S;Sul;2025-09-03;13775.76766667
SE;Sudeste/Centro-Oeste;2025-09-03;44198.15020833
N;Norte;2025-09-04;8843.658125
NE;Nordeste;2025-09-04;12831.381
S;Sul;2025-09-04;14046.97654167
SE;Sudeste/Centro-Oeste;2025-09-04;44525.46195833
N;Norte;2025-09-05;8792.32808333
NE;Nordeste;2025-09-05;12886.93933333
S;Sul;2025-09-05;13659.92933333
SE;Sudeste/Centro-Oeste;2025-09-05;44641.08091667
N;Norte;2025-09-06;8507.05395833
NE;Nordeste;2025-09-06;12268.49929167
S;Sul;2025-09-06;11317.33541667
SE;Sudeste/Centro-Oeste;2025-09-06;39928.31325
N;Norte;2025-09-07;8109.647625
NE;Nordeste;2025-09-07;11516.407
S;Sul;2025-09-07;9796.22033333
SE;Sudeste/Centro-Oeste;2025-09-07;36616.26454167
N;Norte;2025-09-08;8725.80245833
NE;Nordeste;2025-09-08;12788.75525
S;Sul;2025-09-08;13133.81904167
SE;Sudeste/Centro-Oeste;2025-09-08;43531.99808333
N;Norte;2025-09-09;9061.45383333
NE;Nordeste;2025-09-09;13211.739375
S;Sul;2025-09-09;13025.66133333
SE;Sudeste/Centro-Oeste;2025-09-09;46058.97104167
N;Norte;2025-09-10;8857.8235
NE;Nordeste;2025-09-10;13377.09533333
S;Sul;2025-09-10;12691.23441667
SE;Sudeste/Centro-Oeste;2025-09-10;45266.963
N;Norte;2025-09-11;9222.86425
NE;Nordeste;2025-09-11;13624.78454167
S;Sul;2025-09-11;12961.24979167
SE;Sudeste/Centro-Oeste;2025-09-11;45522.1445
N;Norte;2025-09-12;9210.306875
NE;Nordeste;2025-09-12;13691.151625
S;Sul;2025-09-12;12864.81833333
SE;Sudeste/Centro-Oeste;2025-09-12;45353.7125
N;Norte;2025-09-13;8614.02616667
NE;Nordeste;2025-09-13;13136.67995833
S;Sul;2025-09-13;11226.057875
SE;Sudeste/Centro-Oeste;2025-09-13;41378.52245833
N;Norte;2025-09-14;8353.007
NE;Nordeste;2025-09-14;12156.18770833
S;Sul;2025-09-14;10013.85204167
SE;Sudeste/Centro-Oeste;2025-09-14;37914.39916667
N;Norte;2025-09-15;9138.41875
NE;Nordeste;2025-09-15;13267.21533333
S;Sul;2025-09-15;13374.69154167
SE;Sudeste/Centro-Oeste;2025-09-15;44247.68125
N;Norte;2025-09-16;9349.47258333
NE;Nordeste;2025-09-16;13016.07916667
S;Sul;2025-09-16;13661.02258333
SE;Sudeste/Centro-Oeste;2025-09-16;44793.49525
N;Norte;2025-09-17;9229.54958333
NE;Nordeste;2025-09-17;13289.95797917
S;Sul;2025-09-17;13766.88429167
SE;Sudeste/Centro-Oeste;2025-09-17;44148.1425
N;Norte;2025-09-18;9156.78533333
NE;Nordeste;2025-09-18;13491.83508333
S;Sul;2025-09-18;13820.21608333
SE;Sudeste/Centro-Oeste;2025-09-18;44097.80433333
N;Norte;2025-09-19;9258.12066667
NE;Nordeste;2025-09-19;13611.62945833
S;Sul;2025-09-19;14018.82908333
SE;Sudeste/Centro-Oeste;2025-09-19;45175.37370833
N;Norte;2025-09-20;8953.70529167
NE;Nordeste;2025-09-20;13031.34795833
S;Sul;2025-09-20;12357.37629167
SE;Sudeste/Centro-Oeste;2025-09-20;42288.65191667
N;Norte;2025-09-21;8615.24333333
NE;Nordeste;2025-09-21;12176.46475
S;Sul;2025-09-21;10966.91091667
SE;Sudeste/Centro-Oeste;2025-09-21;40404.59954167
N;Norte;2025-09-22;9272.68116667
NE;Nordeste;2025-09-22;13612.932875
S;Sul;2025-09-22;12680.77529167
SE;Sudeste/Centro-Oeste;2025-09-22;46277.30375
N;Norte;2025-09-23;9309.01016667
NE;Nordeste;2025-09-23;13844.51520833
S;Sul;2025-09-23;12367.964
SE;Sudeste/Centro-Oeste;2025-09-23;44283.37870833
N;Norte;2025-09-24;9247.3855
NE;Nordeste;2025-09-24;14049.24191667
S;Sul;2025-09-24;12472.012875
SE;Sudeste/Centro-Oeste;2025-09-24;43633.63241667
N;Norte;2025-09-25;9267.11433333
NE;Nordeste;2025-09-25;13698.91333333
S;Sul;2025-09-25;12704.17958333
SE;Sudeste/Centro-Oeste;2025-09-25;41686.654125
N;Norte;2025-09-26;9189.38583333
NE;Nordeste;2025-09-26;13359.72308333
S;Sul;2025-09-26;12562.02591667
SE;Sudeste/Centro-Oeste;2025-09-26;40727.67483333
N;Norte;2025-09-27;8684.43083333
NE;Nordeste;2025-09-27;12359.85320833
S;Sul;2025-09-27;11035.81133333
SE;Sudeste/Centro-Oeste;2025-09-27;37785.583375
N;Norte;2025-09-28;8257.4345
NE;Nordeste;2025-09-28;11575.17254167
S;Sul;2025-09-28;9993.11633333
SE;Sudeste/Centro-Oeste;2025-09-28;35832.68029167
N;Norte;2025-09-29;
NE;Nordeste;2025-09-29;
S;Sul;2025-09-29;
SE;Sudeste/Centro-Oeste;2025-09-29;
